"id","pop","lat","lon","year","sex","age","svl","weight","species"
"AA24187","Kowen",-35.3182715421627,149.343249096568,"2009","F","J",36.4,1.48,"Tympanocryptis lineata"
"AA24261","Royalla",-35.5001069338395,149.181133092595,"2010","M","A",49,4.94,"Tympanocryptis lineata"
"AA24349","Kowen",-35.3316193922038,149.342235707785,"2014","M","SA",43,3.3,"Tympanocryptis lineata"
"AA24350","Tuggeranong",-35.4307906804009,149.042672507945,"2014","M","A",55,5.5,"Tympanocryptis lineata"
"AA24001","Kowen",-35.3259056067956,149.332452696795,"2006",NA,NA,NA,NA,"Tympanocryptis lineata"
"AA24298","Googong",-35.4375837015855,149.22370048936,"2013","UK",NA,NA,NA,"Tympanocryptis lineata"
"AA24299","Googong",-35.4433358332858,149.24097299273,"2013","M","A",53,5.5,"Tympanocryptis lineata"
"AA24361","Googong",-35.4316538037044,149.231919397631,"2015","U",NA,NA,NA,"Tympanocryptis lineata"
"AA24151","Royalla",-35.507129111899,149.17732110109,"2008","J",NA,NA,NA,"Tympanocryptis lineata"
"AA24108","Royalla",-35.4934687287082,149.174624475296,"2007","U",NA,NA,NA,"Tympanocryptis lineata"
"AA24109","Royalla",-35.5175248533465,149.181977687861,"2007","U",NA,NA,NA,"Tympanocryptis lineata"
"AA24262","Kowen",-35.3102061875447,149.3419555194,"2010","F","J",32,1.3,"Tympanocryptis lineata"
"AA24188","Royalla",-35.4961835030686,149.178669171638,"2009","F","A",54,6.15,"Tympanocryptis lineata"
"AA24300","Googong",-35.4415999490732,149.218070509271,"2013","M","SA",45,3.83,"Tympanocryptis lineata"
"AA24002","Kowen",-35.3215625656023,149.337916310486,"2006",NA,NA,NA,NA,"Tympanocryptis lineata"
"AA24301","Googong",-35.4337389634274,149.229933109277,"2013","UK",NA,NA,NA,"Tympanocryptis lineata"
"AA24302","Googong",-35.4546988280937,149.235689404335,"2013","UK",NA,NA,NA,"Tympanocryptis lineata"
"AA24362","Googong",-35.449991489476,149.240007018258,"2015","U",NA,NA,NA,"Tympanocryptis lineata"
"AA24152","Royalla",-35.4956028325067,149.189129179358,"2008","J",NA,NA,NA,"Tympanocryptis lineata"
"AA24110","Royalla",-35.5014455328695,149.176106738274,"2007","U",NA,NA,NA,"Tympanocryptis lineata"
"AA24111","Kowen",-35.3320217239247,149.32158696628,"2007","U",NA,NA,NA,"Tympanocryptis lineata"
"AA24263","Kowen",-35.3186428027034,149.34182294695,"2010","M","A",50.6,6.77,"Tympanocryptis lineata"
"AA24189","Royalla",-35.5038738296894,149.171944293219,"2009","J",NA,NA,NA,"Tympanocryptis lineata"
"AA24003","Kowen",-35.3211349188146,149.307250432623,"2006","M","A",55,5.2,"Tympanocryptis lineata"
"AA24303","Googong",-35.4273379844564,149.222090514017,"2013","UK",NA,NA,NA,"Tympanocryptis lineata"
"AA24304","Googong",-35.4363858252418,149.234090243916,"2013","UK",NA,NA,NA,"Tympanocryptis lineata"
"AA24363","Googong",-35.4510285607733,149.231904444181,"2015","F","J",34.7,1.72,"Tympanocryptis lineata"
"AA24112","Royalla",-35.4999775829203,149.180187723263,"2007","U",NA,NA,NA,"Tympanocryptis lineata"
"AA24113","Kowen",-35.3273053129449,149.344597672533,"2007","F?","SA",46,3.6,"Tympanocryptis lineata"
"AA24264","Kowen",-35.3186667454787,149.35052193871,"2010","F","A",56.5,7.2,"Tympanocryptis lineata"
"AA24190","Royalla",-35.5023748381057,149.168112271027,"2009","J",NA,NA,NA,"Tympanocryptis lineata"
"AA24004","Kowen",-35.3389951989312,149.33074794871,"2006","M","SA",41.7,3.1,"Tympanocryptis lineata"
"AA24305","Googong",-35.4463111454014,149.233897802571,"2013","M","A",51,5.1,"Tympanocryptis lineata"
"AA24306","Googong",-35.448765860228,149.236949025147,"2013","M?","A",52,5.4,"Tympanocryptis lineata"
"AA24364","Googong",-35.4504197764235,149.223712213316,"2015","U",NA,NA,NA,"Tympanocryptis lineata"
"AA24153","Royalla",-35.4994480853261,149.191290660048,"2008","J",NA,NA,NA,"Tympanocryptis lineata"
"AA24114","Royalla",-35.4945178718683,149.192013837593,"2007","U",NA,NA,NA,"Tympanocryptis lineata"
"AA24191","Royalla",-35.5068925874596,149.174303274602,"2009","J",NA,NA,NA,"Tympanocryptis lineata"
"AA24265","Kowen",-35.3369417637248,149.347699126381,"2010","M","A",54,6.6,"Tympanocryptis lineata"
"AA24192","Royalla",-35.5165910044603,149.187689081008,"2009","F","SA",45,2.5,"Tympanocryptis lineata"
"AA24005","Kowen",-35.3173600949009,149.34835472227,"2006","F","J",34,1.52,"Tympanocryptis lineata"
"AA24307","Googong",-35.4381806855895,149.245213212917,"2013","UK",NA,NA,NA,"Tympanocryptis lineata"
"AA24308","Googong",-35.4348438258377,149.225474169128,"2013","F?","A",52.3,5,"Tympanocryptis lineata"
"AA24365","Googong",-35.4333926606232,149.227651471788,"2015","U",NA,NA,NA,"Tympanocryptis lineata"
"AA24154","Royalla",-35.5066448950091,149.177073863441,"2008","J",NA,NA,NA,"Tympanocryptis lineata"
"AA24115","Royalla",-35.4936357040342,149.194116418494,"2007","U",NA,NA,NA,"Tympanocryptis lineata"
"AA24193","Royalla",-35.5007309514635,149.186874846177,"2009","M","SA",46.63333333,3.55,"Tympanocryptis lineata"
"AA24266","Kowen",-35.3435747268062,149.326754519801,"2010","M","A",55.6,5.59,"Tympanocryptis lineata"
"AA24194","Royalla",-35.4938820433857,149.174306262462,"2009","J",NA,NA,NA,"Tympanocryptis lineata"
"AA24351","Googong",-35.4403277832241,149.227641290703,"2014","M","A",55,5.9,"Tympanocryptis lineata"
"AA24006","Kowen",-35.3278529418307,149.332192277477,"2006","F","A",54,6.7,"Tympanocryptis lineata"
"AA24309","Googong",-35.4416913160691,149.226697366098,"2013","UK",NA,NA,NA,"Tympanocryptis lineata"
"AA24310","Googong",-35.4473783919886,149.238237308872,"2013","UK",NA,NA,NA,"Tympanocryptis lineata"
"AA24366","Googong",-35.4530829050515,149.249246031545,"2015","M","SA",43.76666667,4.12,"Tympanocryptis lineata"
"AA24195","Royalla",-35.5010329322919,149.168409678899,"2009","J",NA,NA,NA,"Tympanocryptis lineata"
"AA24116","Royalla",-35.5095533808994,149.179083813662,"2007","U",NA,NA,NA,"Tympanocryptis lineata"
"AA24196","Royalla",-35.5166171128966,149.190952376545,"2009","F","J",36,1.62,"Tympanocryptis lineata"
"AA24284","Kowen",-35.3169623651053,149.335056889052,"2011","F","J",35,1.45,"Tympanocryptis lineata"
"AA24267","Kowen",-35.3163584246109,149.338280075219,"2010","F","SA",47,3.8,"Tympanocryptis lineata"
"AA24311","Royalla",-35.482796653494,149.181033775273,"2013","M","A",51.2,4.88,"Tympanocryptis lineata"
"AA24292","Royalla",-35.4934626759903,149.186389087493,"2012","M?","SA",47,4.3,"Tympanocryptis lineata"
"AA24117","Royalla",-35.5051576633887,149.177194925215,"2007","M","SA",38,2.8,"Tympanocryptis lineata"
"AA24312","Googong",-35.4519139080622,149.217232474936,"2013","UK",NA,NA,NA,"Tympanocryptis lineata"
"AA24367","Googong",-35.4231160274502,149.219614405198,"2015","F","A",52,5.8,"Tympanocryptis lineata"
"AA24118","Royalla",-35.5118306988857,149.176763865069,"2007","U",NA,NA,NA,"Tympanocryptis lineata"
"AA24119","Royalla",-35.5032765691155,149.182851769332,"2007","U",NA,NA,NA,"Tympanocryptis lineata"
"AA24197","Royalla",-35.4930361866574,149.177628472276,"2009","F","A",52,5.36,"Tympanocryptis lineata"
"AA24293","Royalla",-35.4969575469444,149.185793876651,"2012","F","J",28.2,0.85,"Tympanocryptis lineata"
"AA24285","Royalla",-35.5006523153081,149.183782032232,"2011","J",NA,NA,NA,"Tympanocryptis lineata"
"AA24313","Googong",-35.4325130973796,149.227399988674,"2013","M","A",53,5.8,"Tympanocryptis lineata"
"AA24294","Royalla",-35.500259701373,149.181412918379,"2012","M?","SA",43.6,3.08,"Tympanocryptis lineata"
"AA24387","Googong",-35.4504824676757,149.233691852036,"2016","M","A",52,5.24,"Tympanocryptis lineata"
"AA24155","Royalla",-35.5114839685024,149.189646887073,"2008","J",NA,NA,NA,"Tympanocryptis lineata"
"AA24314","Googong",-35.4450667671304,149.241463265642,"2013","UK",NA,NA,NA,"Tympanocryptis lineata"
"AA24368","Googong",-35.4535751427523,149.228054235154,"2015","U",NA,NA,NA,"Tympanocryptis lineata"
"AA24120","Royalla",-35.5081427269802,149.17451102449,"2007","U",NA,NA,NA,"Tympanocryptis lineata"
"AA24121","Royalla",-35.4933528044829,149.178509207646,"2007","U",NA,NA,NA,"Tympanocryptis lineata"
"AA24198","Royalla",-35.514585828104,149.189503178651,"2009","M","A",50.9,4.18,"Tympanocryptis lineata"
"AA24199","Royalla",-35.4906651792579,149.183170968889,"2009","F","J",35.8,2.04,"Tympanocryptis lineata"
"AA24315","Googong",-35.4624900880611,149.225203321526,"2013","UK",NA,NA,NA,"Tympanocryptis lineata"
"AA24295","Royalla",-35.4984967389862,149.177903186631,"2012","M?","A",52,5,"Tympanocryptis lineata"
"AA24316","Googong",-35.4357150092029,149.222778596599,"2013","M","A",54,5.4,"Tympanocryptis lineata"
"AA24317","Googong",-35.4311724351645,149.239951637438,"2013","F","A",55.9,5.7,"Tympanocryptis lineata"
"AA24369","Googong",-35.4399849281573,149.232165783193,"2015","U",NA,NA,NA,"Tympanocryptis lineata"
"AA24370","Googong",-35.4549098015194,149.214614632406,"2015","U",NA,NA,NA,"Tympanocryptis lineata"
"AA24318","Googong",-35.4388565778062,149.225545872321,"2013","M","A",48.1,5.4,"Tympanocryptis lineata"
"AA24388","Googong",-35.4559212322622,149.22864883843,"2016","u",NA,NA,NA,"Tympanocryptis lineata"
"AA24319","Googong",-35.4153121239289,149.228246897086,"2013","M","SA",48,4.3,"Tympanocryptis lineata"
"AA24371","Googong",-35.4426896280816,149.231465317917,"2015","M","SA",44.4,3.1,"Tympanocryptis lineata"
"AA24320","Googong",-35.4283433250593,149.228439510613,"2013","F","A",52,5.87,"Tympanocryptis lineata"
"AA24321","Royalla",-35.5068932070879,149.187136105308,"2013","F","A",59.2,5.92,"Tympanocryptis lineata"
"AA24372","Googong",-35.4465181919264,149.236223030812,"2015","F","SA",43,3.03,"Tympanocryptis lineata"
"AA24373","Googong",-35.4386087435882,149.235268341197,"2015","U",NA,NA,NA,"Tympanocryptis lineata"
"AA24322","Googong",-35.4476852051518,149.224566091183,"2013","F","J",33.46666667,1.11,"Tympanocryptis lineata"
"AA24374","Googong",-35.4288301926197,149.235988781106,"2015","U",NA,NA,NA,"Tympanocryptis lineata"
"AA24375","Googong",-35.4220601345,149.227007968158,"2015","F","A",56,5.7,"Tympanocryptis lineata"
"AA24323","Googong",-35.4530639700569,149.246113749746,"2013","F","J",36,2.31,"Tympanocryptis lineata"
"AA24324","Googong",-35.4430451618227,149.238968129621,"2013","F","A",54,6,"Tympanocryptis lineata"
"AA24376","Googong",-35.4476413452349,149.250674318755,"2015","F","SA",43.7,4.04,"Tympanocryptis lineata"
"AA24377","Googong",-35.4327066979653,149.232015006151,"2015","M","A",49.6,4.6,"Tympanocryptis lineata"
"AA24325","Googong",-35.4289177598618,149.248099339325,"2013","M","J",32,1.2,"Tympanocryptis lineata"
"AA24326","Googong",-35.4323990759702,149.224263670396,"2013","M","A",56,6.2,"Tympanocryptis lineata"
"AA24327","Googong",-35.4527118281087,149.236864742001,"2013","M","A",51,5,"Tympanocryptis lineata"
"AA24378","Googong",-35.4395274706746,149.232407887367,"2015","M","A",49.8,4.57,"Tympanocryptis lineata"
"AA24328","Googong",-35.4331494293122,149.22249270035,"2013","F","A",52,6.2,"Tympanocryptis lineata"
"AA24352","Royalla",-35.5034678826377,149.173650367407,"2014","F","SA",46,4.37,"Tympanocryptis lineata"
"AA24379","Googong",-35.4541803477334,149.237698744025,"2015","U",NA,NA,NA,"Tympanocryptis lineata"
"AA24353","Googong",-35.431194815042,149.225057924349,"2014","u",NA,NA,NA,"Tympanocryptis lineata"
"AA24380","Googong",-35.4617583114248,149.225937105923,"2015","F","A",54.3,4.84,"Tympanocryptis lineata"
"AA24616","Unknown",NA,NA,"unknown",NA,NA,NA,NA,"Tympanocryptis lineata"
"AA24381","Googong",-35.4476216067963,149.239274554928,"2015","U",NA,NA,NA,"Tympanocryptis lineata"
"AA24389","Kowen",-35.3513505906873,149.34109797344,"2016","M","A",56,7.1,"Tympanocryptis lineata"
"AA24390","Googong",-35.4307618473376,149.231381052867,"2016","M","A",57.3,6.17,"Tympanocryptis lineata"
"AA24391","Googong",-35.4441971171368,149.226082790956,"2016","u",NA,NA,NA,"Tympanocryptis lineata"
"AA24392","Googong",-35.4305419168293,149.228117938894,"2016","u",NA,NA,NA,"Tympanocryptis lineata"
"AA24382","Googong",-35.4499488161301,149.21574681268,"2015","F","A",52.4,5.63,"Tympanocryptis lineata"
"AA24393","Kowen",-35.3359509369104,149.339061025154,"2016","M","SA",42.4,3.3,"Tympanocryptis lineata"
"AA24394","Googong",-35.4558951718343,149.231822612155,"2016","M","A",51,5.5,"Tympanocryptis lineata"
"AA24395","Googong",-35.4325214988375,149.233002813137,"2016","M","A",55.6,4.9,"Tympanocryptis lineata"
"AA24396","Googong",-35.4644812645903,149.228871185827,"2016","M","A",51,5.1,"Tympanocryptis lineata"
"AA24383","Googong",-35.4455304232114,149.219439221406,"2015","U",NA,NA,NA,"Tympanocryptis lineata"
"AA24397","Googong",-35.4470709866009,149.227893213149,"2016","M","SA",38,2.75,"Tympanocryptis lineata"
"AA24398","Googong",-35.4425647593843,149.217171530407,"2016","F","SA",47,4.3,"Tympanocryptis lineata"
"AA24399","Googong",-35.4402974048889,149.236072473526,"2016","u",NA,NA,NA,"Tympanocryptis lineata"
"AA24400","Kowen",-35.316127001584,149.336731659105,"2016","F","SA",44.7,3.2,"Tympanocryptis lineata"
"AA24384","Googong",-35.4528350513583,149.23169598622,"2015","F","A",51.4,5.6,"Tympanocryptis lineata"
"AA24401","Googong",-35.4544588907274,149.224961314424,"2016","M","A",54.3,6.47,"Tympanocryptis lineata"
"AA24402","Googong",-35.4434134637099,149.228744043735,"2016","u",NA,NA,NA,"Tympanocryptis lineata"
"AA24403","Googong",-35.4406605750015,149.225875891475,"2016","F","A",50,5.5,"Tympanocryptis lineata"
"AA24404","Googong",-35.4361696461444,149.228242091892,"2016","M","A",57,7.4,"Tympanocryptis lineata"
"AA24385","Googong",-35.4299113558447,149.220253699528,"2015","U",NA,NA,NA,"Tympanocryptis lineata"
"AA24405","Googong",-35.4336548491971,149.227890744388,"2016","M","SA",48,4.9,"Tympanocryptis lineata"
"AA24406","Googong",-35.4531717539378,149.248749749554,"2016","F","J",31.7,1.51,"Tympanocryptis lineata"
"AA24407","Kowen",-35.3409249711081,149.339702327724,"2016","F","A",51,5.1,"Tympanocryptis lineata"
"AA24408","Googong",-35.4348591022986,149.250192405713,"2016","M","SA",39,2.4,"Tympanocryptis lineata"
"AA24386","Googong",-35.448573532282,149.232246005428,"2015","U",NA,NA,NA,"Tympanocryptis lineata"
"AA24409","Googong",-35.432504992557,149.235360771513,"2016","u",NA,NA,NA,"Tympanocryptis lineata"
"AA24410","Kowen",-35.3333983438967,149.332733210552,"2016","M","A",49.9,5.6,"Tympanocryptis lineata"
"AA24411","Googong",-35.4475660059318,149.227127399121,"2016","u",NA,NA,NA,"Tympanocryptis lineata"
"AA24412","Googong",-35.4261674861016,149.212195991823,"2016","M","SA",45.7,3.72,"Tympanocryptis lineata"
"AA24413","Tuggeranong",-35.4485216519031,149.05835861201,"2016","F","J",36.6,1.94,"Tympanocryptis lineata"
"AA24414","Googong",-35.4291446993937,149.218558531266,"2016","u",NA,NA,NA,"Tympanocryptis lineata"
"AA24415","Googong",-35.4484862957573,149.239185376553,"2016","u",NA,NA,NA,"Tympanocryptis lineata"
"AA24416","Googong",-35.4593574686105,149.248576061738,"2016","u",NA,NA,NA,"Tympanocryptis lineata"
"AA24417","Royalla",-35.4946608716225,149.177941346833,"2016","",NA,NA,NA,"Tympanocryptis lineata"
"AA24418","Kowen",-35.3141776634152,149.340377440817,"2016","F","A",59,7.1,"Tympanocryptis lineata"
"AA24419","Googong",-35.4499649564306,149.232584848786,"2016","u",NA,NA,NA,"Tympanocryptis lineata"
"AA24420","Googong",-35.4522489160606,149.227157571263,"2016","u",NA,NA,NA,"Tympanocryptis lineata"
"AA24421","Googong",-35.4397250927135,149.233168023312,"2016","M","SA",42,2.7,"Tympanocryptis lineata"
"AA24422","Royalla",-35.5237332968462,149.193325873026,"2016","",NA,NA,NA,"Tympanocryptis lineata"
"AA24329","Googong",-35.4409188057945,149.206815768091,"2013","M","J",34.9,1.79,"Tympanocryptis lineata"
"AA24423","Kowen",-35.34451218838,149.312584094338,"2016","u",NA,NA,NA,"Tympanocryptis lineata"
"AA24424","Kowen",-35.3203883994847,149.343340184899,"2016","u",NA,NA,NA,"Tympanocryptis lineata"
"AA24507","Royalla",-35.4966102140488,149.174497489629,"2018",NA,NA,NA,NA,"Tympanocryptis lineata"
"AA24557","Googong",-35.4225793673568,149.237473224261,"2020","M?","SA",43,2.94,"Tympanocryptis lineata"
"AA24007","Tuggeranong",-35.4295764525376,149.057429000453,"2006","U",NA,NA,NA,"Tympanocryptis lineata"
"AA24008","Tuggeranong",-35.4533719213632,149.041847934707,"2006","U",NA,NA,NA,"Tympanocryptis lineata"
"AA24330","Kowen",-35.32598996975,149.349783209026,"2013","M","A",56.3,6.03,"Tympanocryptis lineata"
"AA24331","Kowen",-35.341516912295,149.346146732382,"2013","U",NA,NA,NA,"Tympanocryptis lineata"
"AA24009","Tuggeranong",-35.4263626251947,149.040063977293,"2006","F","A",53,7.4,"Tympanocryptis lineata"
"AA24332","Kowen",-35.3286480092901,149.344518228686,"2013","M","A",53,6,"Tympanocryptis lineata"
"AA24354","Tuggeranong",-35.4543013031285,149.050069513733,"2014","M","SA",46.8,4.35,"Tympanocryptis lineata"
"AA24333","Royalla",-35.5132484140996,149.179530135109,"2013","M","J",37.5,2.04,"Tympanocryptis lineata"
"AA24425","Royalla",-35.4970480004072,149.183677361928,"2016","M","A",48.6,4.4,"Tympanocryptis lineata"
"AA24426","Royalla",-35.5049696624484,149.185936722703,"2016","",NA,NA,NA,"Tympanocryptis lineata"
"AA24010","Tuggeranong",-35.4415482374465,149.032994821847,"2006","M","A",49,4.3,"Tympanocryptis lineata"
"AA24200","Tuggeranong",-35.4349302677125,149.04860552437,"2009","M","SA",41,2.6,"Tympanocryptis lineata"
"AA24156","Tuggeranong",-35.4326100950772,149.044618929935,"2008","M","J",33,1.38,"Tympanocryptis lineata"
"AA24201","Tuggeranong",-35.4464146053964,149.042832164326,"2009","M","SA",40.1,2.11,"Tympanocryptis lineata"
"AA24011","Royalla",-35.5029289384797,149.185649608512,"2006","U",NA,NA,NA,"Tympanocryptis lineata"
"AA24268","Tuggeranong",-35.4427816498861,149.037107370925,"2010","M","A",51,5.49,"Tympanocryptis lineata"
"AA24012","Tuggeranong",-35.4390479352934,149.045209076446,"2006","M","A",50.1,5.5,"Tympanocryptis lineata"
"AA24334","Kowen",-35.348408139049,149.328816151753,"2013","U",NA,NA,NA,"Tympanocryptis lineata"
"AA24335","Royalla",-35.5097205356231,149.183805417568,"2013","u",NA,NA,NA,"Tympanocryptis lineata"
"AA24336","Royalla",-35.4881391600829,149.193818065327,"2013","M","SA",47,4.43,"Tympanocryptis lineata"
"AA24427","Royalla",-35.5126344732744,149.178779194237,"2016","",NA,NA,NA,"Tympanocryptis lineata"
"AA24428","Royalla",-35.4973262563165,149.171713170313,"2016","",NA,NA,NA,"Tympanocryptis lineata"
"AA24013","Tuggeranong",-35.4565433925096,149.056599522295,"2006","M","A",51.2,4.75,"Tympanocryptis lineata"
"AA24202","Tuggeranong",-35.4225670653417,149.032546906324,"2009","M","SA",42.33333333,2.59,"Tympanocryptis lineata"
"AA24157","Tuggeranong",-35.4413839885311,149.052479486442,"2008","J",NA,NA,NA,"Tympanocryptis lineata"
"AA24203","Tuggeranong",-35.4401973810325,149.033681007714,"2009","F","SA",48,3.96,"Tympanocryptis lineata"
"AA24014","Royalla",-35.5026592302295,149.18765308415,"2006","F?","SA",38.93333333,2.46,"Tympanocryptis lineata"
"AA24269","Tuggeranong",-35.4580968658037,149.025502206838,"2010","M","A",48.93333333,4,"Tympanocryptis lineata"
"AA24015","Tuggeranong",-35.4390944887466,149.036743065637,"2006","M","SA",46.5,5.2,"Tympanocryptis lineata"
"AA24337","Kowen",-35.3115066809213,149.325514251625,"2013","U",NA,NA,NA,"Tympanocryptis lineata"
"AA24338","Royalla",-35.523493102949,149.196523658461,"2013","F","A",52.5,6.71,"Tympanocryptis lineata"
"AA24339","Royalla",-35.5083888320558,149.185569101815,"2013","M","A",56,6.5,"Tympanocryptis lineata"
"AA24429","Royalla",-35.5171257908005,149.173580843946,"2016","",NA,NA,NA,"Tympanocryptis lineata"
"AA24430","Royalla",-35.4977551906366,149.179864207513,"2016","",NA,NA,NA,"Tympanocryptis lineata"
"AA24431","Kowen",-35.3380766622992,149.331438229878,"2016","M","SA",39,2.8,"Tympanocryptis lineata"
"AA24204","Tuggeranong",-35.4294382819978,149.042380131513,"2009","F","SA",41,2.7,"Tympanocryptis lineata"
"AA24158","Tuggeranong",-35.4483500863107,149.049563673379,"2008","M?","A",52.5,4.96,"Tympanocryptis lineata"
"AA24432","Kowen",-35.3175148426366,149.337367376131,"2016","M","SA",47.8,4.7,"Tympanocryptis lineata"
"AA24016","Royalla",-35.498533865727,149.195342636778,"2006","F?","A",61,6.82,"Tympanocryptis lineata"
"AA24270","Tuggeranong",-35.4417866544534,149.034419104506,"2010","M","A",55,5.8,"Tympanocryptis lineata"
"AA24433","Royalla",-35.4968672036863,149.164509610917,"2016","",NA,NA,NA,"Tympanocryptis lineata"
"AA24340","Kowen",-35.326066894222,149.330390841618,"2013","U",NA,NA,NA,"Tympanocryptis lineata"
"AA24355","Tuggeranong",-35.4265183673338,149.053193298558,"2014","U",NA,NA,NA,"Tympanocryptis lineata"
"AA24434","Kowen",-35.3152244337034,149.343787479325,"2016","M","J",34,2.4,"Tympanocryptis lineata"
"AA24435","Royalla",-35.5127291975968,149.197334403993,"2016","",NA,NA,NA,"Tympanocryptis lineata"
"AA24436","Royalla",-35.5115584416746,149.173831540958,"2016","",NA,NA,NA,"Tympanocryptis lineata"
"AA24122","Tuggeranong",-35.4332765916755,149.046531544473,"2007","M","A",51,5.4,"Tympanocryptis lineata"
"AA24159","Tuggeranong",-35.4331038971558,149.039163859451,"2008","J",NA,NA,NA,"Tympanocryptis lineata"
"AA24160","Tuggeranong",-35.4308064248704,149.054460481115,"2008","J",NA,NA,NA,"Tympanocryptis lineata"
"AA24017","Royalla",-35.5149463763169,149.17976096258,"2006","M?","A",61,6.8,"Tympanocryptis lineata"
"AA24018","Royalla",-35.5174786281116,149.164458588834,"2006","F?","A",50.8,5.76,"Tympanocryptis lineata"
"AA24286","Royalla",-35.4966320671664,149.175134466436,"2011","M","J",31.6,1.56,"Tympanocryptis lineata"
"AA24437","Royalla",-35.4867455277995,149.190423031538,"2016","",NA,NA,NA,"Tympanocryptis lineata"
"AA24356","Royalla",-35.4941033698937,149.179899601427,"2014","u",NA,NA,NA,"Tympanocryptis lineata"
"AA24341","Royalla",-35.4928623892842,149.199588988512,"2013","M","A",49.3,4.39,"Tympanocryptis lineata"
"AA24438","Tuggeranong",-35.4462928029175,149.068434757269,"2016","M","SA",43,3.09,"Tympanocryptis lineata"
"AA24439","Royalla",-35.5306608227235,149.174304213411,"2016","F","J",25,0.8,"Tympanocryptis lineata"
"AA24500","Kowen",-35.331624648236,149.332479312482,"2017","U",NA,NA,NA,"Tympanocryptis lineata"
"AA24123","Kowen",-35.3238135450672,149.33533004317,"2007","F","A",55,5,"Tympanocryptis lineata"
"AA24161","Tuggeranong",-35.426522631049,149.060520617384,"2008","J",NA,NA,NA,"Tympanocryptis lineata"
"AA24205","Tuggeranong",-35.4436618630997,149.05220453,"2009","J",NA,NA,NA,"Tympanocryptis lineata"
"AA24019","Royalla",-35.508215204858,149.19522214332,"2006","U",NA,NA,NA,"Tympanocryptis lineata"
"AA24206","Kowen",-35.3178237156901,149.342549742627,"2009","M","SA",43.6,2.9,"Tympanocryptis lineata"
"AA24287","Kowen",-35.3477275590236,149.342582888928,"2011","F?","A",52,6,"Tympanocryptis lineata"
"AA24440","Royalla",-35.4855709619531,149.1686125212,"2016","M","A",49,3.4,"Tympanocryptis lineata"
"AA24357","Tuggeranong",-35.4532913190987,149.055759288361,"2014","U",NA,NA,NA,"Tympanocryptis lineata"
"AA24342","Royalla",-35.4948276773618,149.191678753552,"2013","M","J",30,1.3,"Tympanocryptis lineata"
"AA24441","Royalla",-35.5041323963353,149.17291912667,"2016","U",NA,NA,NA,"Tympanocryptis lineata"
"AA24442","Royalla",-35.4961343147296,149.168618391868,"2016","",NA,NA,NA,"Tympanocryptis lineata"
"AA24501","Kowen",-35.3392374363919,149.333579645046,"2017","U",NA,NA,NA,"Tympanocryptis lineata"
"AA24124","Tuggeranong",-35.4522570160439,149.058265552127,"2007","M","A",52.8,6.14,"Tympanocryptis lineata"
"AA24162","Tuggeranong",-35.4291652431344,149.034608486571,"2008","J",NA,NA,NA,"Tympanocryptis lineata"
"AA24207","Tuggeranong",-35.4396388242819,149.035835900294,"2009","J",NA,NA,NA,"Tympanocryptis lineata"
"AA24020","Royalla",-35.5092671357594,149.190894209734,"2006","F?","SA",43.66666667,4.68,"Tympanocryptis lineata"
"AA24271","Royalla",-35.5158779065644,149.188141289861,"2010","J",NA,NA,NA,"Tympanocryptis lineata"
"AA24288","Royalla",-35.5087180540367,149.187240531132,"2011","M","A",56.6,5.8,"Tympanocryptis lineata"
"AA24443","Royalla",-35.5008779093737,149.173300875568,"2016","F","A",57,6.73,"Tympanocryptis lineata"
"AA24358","Tuggeranong",-35.4306430990798,149.043940547399,"2014","U",NA,NA,NA,"Tympanocryptis lineata"
"AA24359","Royalla",-35.502941913956,149.181969307091,"2014","u",NA,NA,NA,"Tympanocryptis lineata"
"AA24444","Royalla",-35.4964074658892,149.175656982883,"2016","",NA,NA,NA,"Tympanocryptis lineata"
"AA24502","Kowen",-35.3411358351314,149.338781875184,"2017","U",NA,NA,NA,"Tympanocryptis lineata"
"AA24125","Tuggeranong",-35.440826220438,149.039860264596,"2007","J",NA,NA,NA,"Tympanocryptis lineata"
"AA24163","Tuggeranong",-35.4290503421165,149.055077430185,"2008","M","A",54,4.7,"Tympanocryptis lineata"
"AA24208","Tuggeranong",-35.4275719657971,149.030969312972,"2009","J",NA,NA,NA,"Tympanocryptis lineata"
"AA24021","Royalla",-35.5030612153498,149.1907506207,"2006","F?","A",69,8,"Tympanocryptis lineata"
"AA24272","Royalla",-35.505100177031,149.169921695926,"2010","J",NA,NA,NA,"Tympanocryptis lineata"
"AA24296","Royalla",-35.5113598727415,149.171953864045,"2012","U",NA,NA,NA,"Tympanocryptis lineata"
"AA24445","Royalla",-35.4962673394326,149.177802412906,"2016","U",NA,NA,NA,"Tympanocryptis lineata"
"AA24360","Tuggeranong",-35.4426232134468,149.049071543139,"2014","F","SA",40.26666667,2.48,"Tympanocryptis lineata"
"AA24343","Royalla",-35.5192800693981,149.176314919278,"2013","u",NA,NA,NA,"Tympanocryptis lineata"
"AA24446","Royalla",-35.5007684851943,149.189082610732,"2016","",NA,NA,NA,"Tympanocryptis lineata"
"AA24503","Tuggeranong",-35.4281004240981,149.032968523586,"2017","F","A",53,5.8,"Tympanocryptis lineata"
"AA24126","Tuggeranong",-35.4414145069432,149.045862501012,"2007","M","SA",38,2.8,"Tympanocryptis lineata"
"AA24164","Tuggeranong",-35.4227650035241,149.050926872845,"2008","M","SA",47.4,5.4,"Tympanocryptis lineata"
"AA24209","Tuggeranong",-35.4291461902833,149.053551519832,"2009","M","A",53,5.1,"Tympanocryptis lineata"
"AA24022","Royalla",-35.4934054625274,149.177445318162,"2006","M?","A",50.9,4.71,"Tympanocryptis lineata"
"AA24273","Tuggeranong",-35.4575324047182,149.045543147023,"2010","J",NA,NA,NA,"Tympanocryptis lineata"
"AA24289","Royalla",-35.5133540504561,149.193722041048,"2011","J",NA,NA,NA,"Tympanocryptis lineata"
"AA24508","Kowen",-35.3180151852295,149.336649242093,"2018","U",NA,NA,NA,"Tympanocryptis lineata"
"AA24509","Royalla",-35.5046338249321,149.182875740922,"2018","",NA,NA,NA,"Tympanocryptis lineata"
"AA24558","Googong",-35.4327781757004,149.225367193445,"2020","M","A",50,4.4,"Tympanocryptis lineata"
"AA24510","Kowen",-35.318577492033,149.335255206077,"2018","U",NA,NA,NA,"Tympanocryptis lineata"
"AA24511","Googong",-35.4467187626803,149.215908638592,"2018","",NA,NA,NA,"Tympanocryptis lineata"
"AA24512","Royalla",-35.5148124816203,149.180897100882,"2018","",NA,NA,NA,"Tympanocryptis lineata"
"AA24447","Kowen",-35.3349509676691,149.340109473723,"2016","u",NA,NA,NA,"Tympanocryptis lineata"
"AA24559","Royalla",-35.4865605798304,149.188672768088,"2020","M","A",59,6.87,"Tympanocryptis lineata"
"AA24448","Kowen",-35.3414867243468,149.323295896333,"2016","u",NA,NA,NA,"Tympanocryptis lineata"
"AA24513","Royalla",-35.4935407723476,149.182113089707,"2018","",NA,NA,NA,"Tympanocryptis lineata"
"AA24560","Royalla",-35.5191604869245,149.19706513407,"2020","F?","SA",44.8,3.9,"Tympanocryptis lineata"
"AA24449","Kowen",-35.3222330708369,149.342468905482,"2016","u",NA,NA,NA,"Tympanocryptis lineata"
"AA24514","Kowen",-35.3273647825069,149.319652715217,"2018","U",NA,NA,NA,"Tympanocryptis lineata"
"AA24561","Googong",-35.4508757577936,149.239666644335,"2020","M","SA",47,3.46,"Tympanocryptis lineata"
"AA24562","Googong",-35.4267491304214,149.228153579512,"2020","M","A",55.3,5.3,"Tympanocryptis lineata"
"AA24165","Tuggeranong",-35.4220461977721,149.039975421369,"2008","J",NA,NA,NA,"Tympanocryptis lineata"
"AA24210","Tuggeranong",-35.4454990086638,149.048984088202,"2009","J",NA,NA,NA,"Tympanocryptis lineata"
"AA24450","Kowen",-35.3461685457135,149.332308950208,"2016","F","A",59.3,6.9,"Tympanocryptis lineata"
"AA24166","Tuggeranong",-35.4427224037755,149.040310447328,"2008","J",NA,NA,NA,"Tympanocryptis lineata"
"AA24451","Kowen",-35.3264177848343,149.346837380668,"2016","M","SA",47,4.3,"Tympanocryptis lineata"
"AA24127","Tuggeranong",-35.4558143763602,149.039730198216,"2007","M","A",51.2,5.2,"Tympanocryptis lineata"
"AA24167","Kowen",-35.348990119398,149.345528600088,"2008",NA,NA,NA,NA,"Tympanocryptis lineata"
"AA24563","Googong",-35.4312604468788,149.232741383427,"2020","M","A",56.1,5.46,"Tympanocryptis lineata"
"AA24211","Tuggeranong",-35.4445821321318,149.043986819879,"2009","M","A",51,5.22,"Tympanocryptis lineata"
"AA24023","Tuggeranong",-35.4597869449251,149.037385423934,"2006","M","A",52.8,5.33,"Tympanocryptis lineata"
"AA24274","Kowen",-35.3416051937989,149.355426464827,"2010","M?","A",52.6,4.56,"Tympanocryptis lineata"
"AA24024","Tuggeranong",-35.4421181630295,149.038744691299,"2006","M","A",52,6.08,"Tympanocryptis lineata"
"AA24452","Kowen",-35.2991822533233,149.339263806667,"2016","M","SA",42.9,3.13,"Tympanocryptis lineata"
"AA24344","Kowen",-35.3305028312752,149.333539333776,"2013","M","A",52,5.5,"Tympanocryptis lineata"
"AA24168","Tuggeranong",-35.4568433075492,149.068204309142,"2008","J",NA,NA,NA,"Tympanocryptis lineata"
"AA24128","Tuggeranong",-35.4409986163918,149.031836524503,"2007","J",NA,NA,NA,"Tympanocryptis lineata"
"AA24169","Tuggeranong",-35.4435678441401,149.035359369109,"2008","J",NA,NA,NA,"Tympanocryptis lineata"
"AA24170","Tuggeranong",-35.4321859935415,149.050703120284,"2008","J",NA,NA,NA,"Tympanocryptis lineata"
"AA24129","Kowen",-35.3346908642838,149.323252528187,"2007","M","A",52,4.9,"Tympanocryptis lineata"
"AA24171","Tuggeranong",-35.4297765068884,149.033689449909,"2008","F","SA",39.5,2.66,"Tympanocryptis lineata"
"AA24212","Kowen",-35.3304513504757,149.326481103942,"2009","M","SA",40,3,"Tympanocryptis lineata"
"AA24453","Kowen",-35.3492037435019,149.335361479586,"2016","M","SA",46,3.24,"Tympanocryptis lineata"
"AA24454","Kowen",-35.3106606937299,149.353630774648,"2016","u",NA,NA,NA,"Tympanocryptis lineata"
"AA24213","Kowen",-35.3257095404414,149.352996569051,"2009","M","J",36,1.8,"Tympanocryptis lineata"
"AA24275","Kowen",-35.328172356339,149.327881957742,"2010",NA,NA,NA,NA,"Tympanocryptis lineata"
"AA24455","Kowen",-35.3231599009804,149.325013659688,"2016","u",NA,NA,NA,"Tympanocryptis lineata"
"AA24172","Tuggeranong",-35.4312513145794,149.044289462132,"2008","J",NA,NA,NA,"Tympanocryptis lineata"
"AA24276","Tuggeranong",-35.4273671639343,149.033503693446,"2010","J",NA,NA,NA,"Tympanocryptis lineata"
"AA24214","Tuggeranong",-35.4368979012034,149.040483223081,"2009","J",NA,NA,NA,"Tympanocryptis lineata"
"AA24173","Tuggeranong",-35.4332992691881,149.041642963668,"2008","J",NA,NA,NA,"Tympanocryptis lineata"
"AA24564","Googong",-35.4371307947905,149.233147524222,"2020","M?","A",49,5.2,"Tympanocryptis lineata"
"AA24174","Tuggeranong",-35.4452110555847,149.046083943758,"2008","J",NA,NA,NA,"Tympanocryptis lineata"
"AA24175","Kowen",-35.299840760158,149.338905537922,"2008",NA,NA,NA,NA,"Tympanocryptis lineata"
"AA24215","Kowen",-35.3198938116361,149.357568084531,"2009","F","A",60,8.9,"Tympanocryptis lineata"
"AA24025","Tuggeranong",-35.4670434340316,149.036476379994,"2006","M","J",34,2.2,"Tympanocryptis lineata"
"AA24130","Tuggeranong",-35.4358119391982,149.050897927518,"2007","J",NA,NA,NA,"Tympanocryptis lineata"
"AA24216","Kowen",-35.3324631462078,149.339395910023,"2009","M","SA",47.3,3.08,"Tympanocryptis lineata"
"AA24217","Kowen",-35.3283627106573,149.352054740767,"2009","M","J",37,1.45,"Tympanocryptis lineata"
"AA24176","Tuggeranong",-35.4366142638266,149.053810446479,"2008","J",NA,NA,NA,"Tympanocryptis lineata"
"AA24218","Tuggeranong",-35.4335111505017,149.044733700304,"2009","M","SA",47.4,4.5,"Tympanocryptis lineata"
"AA24026","Tuggeranong",-35.4430276774785,149.034705276305,"2006","M","J",32,1.38,"Tympanocryptis lineata"
"AA24456","Kowen",-35.3154488709124,149.337046934262,"2016","F","A",59.6,7.76,"Tympanocryptis lineata"
"AA24219","Tuggeranong",-35.4442139987035,149.039396913352,"2009","M","A",50,4.86,"Tympanocryptis lineata"
"AA24177","Tuggeranong",-35.4419328249593,149.039952198971,"2008","J",NA,NA,NA,"Tympanocryptis lineata"
"AA24220","Kowen",-35.3083411195008,149.346538631014,"2009","M","SA",46,3.2,"Tympanocryptis lineata"
"AA24345","Kowen",-35.3415154736535,149.354864987573,"2013","M","A",51.7,5.8,"Tympanocryptis lineata"
"AA24131","Tuggeranong",-35.4363563353826,149.029761090698,"2007","J",NA,NA,NA,"Tympanocryptis lineata"
"AA24565","Googong",-35.4461374668903,149.231790559241,"2020","F","J",23,0.8,"Tympanocryptis lineata"
"AA24178","Tuggeranong",-35.443184838685,149.063814812077,"2008","M","A",56,5.5,"Tympanocryptis lineata"
"AA24277","Kowen",-35.3369707992548,149.344877935453,"2010",NA,NA,NA,NA,"Tympanocryptis lineata"
"AA24515","Googong",-35.4194687689598,149.222470873221,"2018","",NA,NA,NA,"Tympanocryptis lineata"
"AA24179","Tuggeranong",-35.447015012129,149.036303678869,"2008","F","J",35.5,1.94,"Tympanocryptis lineata"
"AA24027","Tuggeranong",-35.4532049720059,149.03106994719,"2006","M","A",49,3.41,"Tympanocryptis lineata"
"AA24516","Googong",-35.4565130363644,149.227983891557,"2018","",NA,NA,NA,"Tympanocryptis lineata"
"AA24457","Kowen",-35.3318634474164,149.351856287625,"2016","M","J",34,1.37,"Tympanocryptis lineata"
"AA24221","Kowen",-35.3311303742278,149.347982594053,"2009","F","SA",39.8,2.82,"Tympanocryptis lineata"
"AA24458","Kowen",-35.323339330718,149.329521880472,"2016","u",NA,NA,NA,"Tympanocryptis lineata"
"AA24028","Tuggeranong",-35.4381768955268,149.052937866453,"2006","F?","A",49,4.45,"Tympanocryptis lineata"
"AA24029","Tuggeranong",-35.4291236944416,149.049379418662,"2006","F?","J",34.6,1.84,"Tympanocryptis lineata"
"AA24030","Tuggeranong",-35.4446461049544,149.046870006039,"2006","F?","A",57.83333333,8.38,"Tympanocryptis lineata"
"AA24180","Tuggeranong",-35.4125764580037,149.035422674605,"2008","J",NA,NA,NA,"Tympanocryptis lineata"
"AA24459","Tuggeranong",-35.435961885974,149.044873973316,"2016","M","A",53,5.5,"Tympanocryptis lineata"
"AA24222","Kowen",-35.3210912718233,149.348007617198,"2009","J",NA,NA,NA,"Tympanocryptis lineata"
"AA24517","Googong",-35.4478461839087,149.226368381373,"2018","M","SA",42,2.3,"Tympanocryptis lineata"
"AA24031","Tuggeranong",-35.4508253937221,149.041710568171,"2006","F?","A",55.3,5.73,"Tympanocryptis lineata"
"AA24032","Tuggeranong",-35.4201500475571,149.027106104664,"2006","F?","A",56,6,"Tympanocryptis lineata"
"AA24566","Googong",-35.4417697618375,149.229564578112,"2020","F","A",50,6.16,"Tympanocryptis lineata"
"AA24460","Kowen",-35.326983456871,149.350962304539,"2016","u",NA,NA,NA,"Tympanocryptis lineata"
"AA24278","Tuggeranong",-35.4558181363221,149.040247401884,"2010","M","A",54,6.17,"Tympanocryptis lineata"
"AA24132","Tuggeranong",-35.444821690003,149.047769270171,"2007","M","SA",41,2.9,"Tympanocryptis lineata"
"AA24033","Tuggeranong",-35.4434843467748,149.044469366815,"2006","M","SA",40.66666667,3.78,"Tympanocryptis lineata"
"AA24133","Kowen",-35.3271202054936,149.343926314865,"2007","F","SA",45,3,"Tympanocryptis lineata"
"AA24034","Tuggeranong",-35.443226657643,149.034567166824,"2006","M","SA",48,5.4,"Tympanocryptis lineata"
"AA24223","Tuggeranong",-35.4374029047306,149.04813470075,"2009","M","A",51,6,"Tympanocryptis lineata"
"AA24461","Kowen",-35.3108235435266,149.349503430204,"2016","M","A",51.3,4.97,"Tympanocryptis lineata"
"AA24224","Kowen",-35.323565429555,149.34637061544,"2009","J",NA,NA,NA,"Tympanocryptis lineata"
"AA24462","Tuggeranong",-35.4500192183326,149.028700725376,"2016","M","A",50.8,4.77,"Tympanocryptis lineata"
"AA24346","Kowen",-35.3166562883294,149.333134808552,"2013","M","J",36,1.83,"Tympanocryptis lineata"
"AA24347","Kowen",-35.3183290050752,149.329876093942,"2013","U",NA,NA,NA,"Tympanocryptis lineata"
"AA24225","Tuggeranong",-35.4293956334945,149.050833936115,"2009","J",NA,NA,NA,"Tympanocryptis lineata"
"AA24226","Kowen",-35.3384222664337,149.334338308806,"2009","F","A",50,4.51,"Tympanocryptis lineata"
"AA24227","Tuggeranong",-35.4512503983908,149.033231446549,"2009","J",NA,NA,NA,"Tympanocryptis lineata"
"AA24463","Kowen",-35.3286020055813,149.333480842742,"2016","M","SA",43.2,3.12,"Tympanocryptis lineata"
"AA24567","Googong",-35.4600757568434,149.238474074487,"2020","",NA,NA,NA,"Tympanocryptis lineata"
"AA24228","Tuggeranong",-35.433572887808,149.04309499673,"2009","M","A",55.1,7.07,"Tympanocryptis lineata"
"AA24181","Tuggeranong",-35.4504161396699,149.029817105927,"2008","M","A",50,4.8,"Tympanocryptis lineata"
"AA24279","Tuggeranong",-35.4449078096983,149.042834646341,"2010","M","A",50.7,6.3,"Tympanocryptis lineata"
"AA24229","Tuggeranong",-35.4480349401984,149.0451100463,"2009","F","SA",44.5,3.38,"Tympanocryptis lineata"
"AA24464","Kowen",-35.3254408453745,149.333538890037,"2016","u",NA,NA,NA,"Tympanocryptis lineata"
"AA24465","Kowen",-35.3377754879561,149.332032829201,"2016","u",NA,NA,NA,"Tympanocryptis lineata"
"AA24230","Tuggeranong",-35.4535086036244,149.060844763645,"2009","M","SA",42,2.76,"Tympanocryptis lineata"
"AA24466","Kowen",-35.3298497141206,149.341114636883,"2016","u",NA,NA,NA,"Tympanocryptis lineata"
"AA24035","Tuggeranong",-35.4371615756928,149.027528077104,"2006","M","A",49,5.42,"Tympanocryptis lineata"
"AA24231","Tuggeranong",-35.4242691391091,149.063086701473,"2009","F","J",37.9,1.73,"Tympanocryptis lineata"
"AA24348","Kowen",-35.3277241410077,149.334370743499,"2013","U",NA,NA,NA,"Tympanocryptis lineata"
"AA24290","Tuggeranong",-35.4486956316883,149.045364882217,"2011","J",NA,NA,NA,"Tympanocryptis lineata"
"AA24036","Tuggeranong",-35.4442401344155,149.061807686716,"2006","M","A",53,5.8,"Tympanocryptis lineata"
"AA24518","Googong",-35.4422746144832,149.237569044819,"2018","",NA,NA,NA,"Tympanocryptis lineata"
"AA24037","Tuggeranong",-35.4372920387156,149.04509023946,"2006","M?","A",50.8,6.32,"Tympanocryptis lineata"
"AA24467","Kowen",-35.3136390893196,149.324396443489,"2016","u",NA,NA,NA,"Tympanocryptis lineata"
"AA24038","Tuggeranong",-35.4368546441219,149.03296884454,"2006","F?","A",62.8,6.17,"Tympanocryptis lineata"
"AA24134","Tuggeranong",-35.4503364553352,149.061037752266,"2007","M","SA",41,3.21,"Tympanocryptis lineata"
"AA24135","Tuggeranong",-35.4417765069275,149.045466671266,"2007","M","SA",45,3,"Tympanocryptis lineata"
"AA24136","Tuggeranong",-35.4427127911925,149.057930800778,"2007","F","A",58,6.11,"Tympanocryptis lineata"
"AA24039","Tuggeranong",-35.4523390419196,149.043863326285,"2006","F?","J",35.76666667,1.59,"Tympanocryptis lineata"
"AA24468","Kowen",-35.3299988209591,149.33205205343,"2016","u",NA,NA,NA,"Tympanocryptis lineata"
"AA24232","Kowen",-35.3504342410043,149.342088728548,"2009","F","A",53.8,5.69,"Tympanocryptis lineata"
"AA24040","Tuggeranong",-35.4624679343035,149.023385338218,"2006","M","J",36,2.33,"Tympanocryptis lineata"
"AA24041","Tuggeranong",-35.4413616980253,149.042757644012,"2006","F","A",60,8.06,"Tympanocryptis lineata"
"AA24042","Tuggeranong",-35.4450501804409,149.051629606989,"2006","F","SA",43.7,2.6,"Tympanocryptis lineata"
"AA24568","Googong",-35.4436840269889,149.223678205693,"2020","M","A",55,7.1,"Tympanocryptis lineata"
"AA24043","Tuggeranong",-35.4387086887424,149.029194413089,"2006","F","SA",46.5,5.9,"Tympanocryptis lineata"
"AA24137","Tuggeranong",-35.450365219848,149.039820215878,"2007","J",NA,NA,NA,"Tympanocryptis lineata"
"AA24138","Tuggeranong",-35.4479594821934,149.055269134886,"2007","J",NA,NA,NA,"Tympanocryptis lineata"
"AA24233","Tuggeranong",-35.4395680590172,149.048986386381,"2009","F","J",30.48,1.7,"Tympanocryptis lineata"
"AA24044","Tuggeranong",-35.432243253689,149.041702080142,"2006","F","SA",40.4,3.3,"Tympanocryptis lineata"
"AA24469","Kowen",-35.3201105631541,149.319784826859,"2016","u",NA,NA,NA,"Tympanocryptis lineata"
"AA24470","Kowen",-35.3189365916081,149.341286360794,"2016","u",NA,NA,NA,"Tympanocryptis lineata"
"AA24519","Googong",-35.4480942918674,149.226827160066,"2018","",NA,NA,NA,"Tympanocryptis lineata"
"AA24520","Googong",-35.4325821111936,149.236265786268,"2018","",NA,NA,NA,"Tympanocryptis lineata"
"AA24521","Googong",-35.4305254591564,149.248865918321,"2018","",NA,NA,NA,"Tympanocryptis lineata"
"AA24471","Kowen",-35.3243105181499,149.33394289456,"2016","u",NA,NA,NA,"Tympanocryptis lineata"
"AA24569","Googong",-35.4157579151084,149.227901852847,"2020","M","A",54,5,"Tympanocryptis lineata"
"AA24139","Kowen",-35.3278878114108,149.334162993438,"2007","F","A",55.2,5.78,"Tympanocryptis lineata"
"AA24140","Tuggeranong",-35.441869954992,149.041222454215,"2007","J",NA,NA,NA,"Tympanocryptis lineata"
"AA24234","Tuggeranong",-35.4502401911122,149.061465856982,"2009","F","J",33.4,1.71,"Tympanocryptis lineata"
"AA24570","Googong",-35.4330104196359,149.217110569838,"2020","M","SA",43,3.3,"Tympanocryptis lineata"
"AA24472","Kowen",-35.3218578605559,149.322104176081,"2016","u",NA,NA,NA,"Tympanocryptis lineata"
"AA24473","Tuggeranong",-35.4431847759315,149.048806070977,"2016","M","SA",48,4.09,"Tympanocryptis lineata"
"AA24474","Kowen",-35.3254031832538,149.324713666225,"2016","u",NA,NA,NA,"Tympanocryptis lineata"
"AA24045","Tuggeranong",-35.4398944293359,149.034920756878,"2006","F","A",52.46666667,6.89,"Tympanocryptis lineata"
"AA24522","Googong",-35.441562935436,149.246132582555,"2018","",NA,NA,NA,"Tympanocryptis lineata"
"AA24571","Googong",-35.4343103825428,149.233853700369,"2020","F","A",50,4.2,"Tympanocryptis lineata"
"AA24572","Googong",-35.4404961077402,149.210582672387,"2020","M","A",52,5.5,"Tympanocryptis lineata"
"AA24280","Kowen",-35.3249470016739,149.328534808832,"2010",NA,NA,NA,NA,"Tympanocryptis lineata"
"AA24141","Tuggeranong",-35.453479126728,149.038067417805,"2007","F","J",36,1.6,"Tympanocryptis lineata"
"AA24182","Tuggeranong",-35.4365303045072,149.025191288934,"2008","J",NA,NA,NA,"Tympanocryptis lineata"
"AA24523","Googong",-35.4523821836852,149.217744699595,"2018","",NA,NA,NA,"Tympanocryptis lineata"
"AA24475","Kowen",-35.3392464553332,149.326391610601,"2016","M","A",55,4.99,"Tympanocryptis lineata"
"AA24281","Tuggeranong",-35.4422352486746,149.044620300551,"2010","J",NA,NA,NA,"Tympanocryptis lineata"
"AA24476","Tuggeranong",-35.4464417340646,149.039524505193,"2016","M","A",48.2,5.8,"Tympanocryptis lineata"
"AA24524","Googong",-35.4312638681228,149.23730872605,"2018","",NA,NA,NA,"Tympanocryptis lineata"
"AA24525","Googong",-35.4495661781057,149.212524510713,"2018","",NA,NA,NA,"Tympanocryptis lineata"
"AA24046","Tuggeranong",-35.4407624383176,149.039942689006,"2006","M","A",57,5.4,"Tympanocryptis lineata"
"AA24477","Kowen",-35.3092349677795,149.332306318417,"2016","M","A",53,4.81,"Tympanocryptis lineata"
"AA24142","Kowen",-35.311799550037,149.340687596078,"2007","F?","SA",41.6,2.68,"Tympanocryptis lineata"
"AA24282","Kowen",-35.3321757854984,149.329796022867,"2010",NA,NA,NA,NA,"Tympanocryptis lineata"
"AA24235","Tuggeranong",-35.4365309541672,149.058069767816,"2009","J",NA,NA,NA,"Tympanocryptis lineata"
"AA24236","Tuggeranong",-35.4395762989947,149.043871509771,"2009","M","A",50.3,5.46,"Tympanocryptis lineata"
"AA24047","Tuggeranong",-35.4391438132164,149.025423809139,"2006","M","A",53,6,"Tympanocryptis lineata"
"AA24478","Kowen",-35.3281177085953,149.324373880217,"2016","u",NA,NA,NA,"Tympanocryptis lineata"
"AA24237","Kowen",-35.3213581890023,149.336113439184,"2009","F","A",53,6.3,"Tympanocryptis lineata"
"AA24479","Tuggeranong",-35.4435710968629,149.033195682482,"2016","F","J",35.36666667,1.69,"Tympanocryptis lineata"
"AA24526","Googong",-35.4414482414114,149.22497630522,"2018","",NA,NA,NA,"Tympanocryptis lineata"
"AA24527","Googong",-35.4445523072548,149.215500439641,"2018","",NA,NA,NA,"Tympanocryptis lineata"
"AA24480","Kowen",-35.3268526870644,149.329398930136,"2016","u",NA,NA,NA,"Tympanocryptis lineata"
"AA24048","Tuggeranong",-35.4457543198453,149.03407729455,"2006","M?","SA",47,3,"Tympanocryptis lineata"
"AA24143","Kowen",-35.336923395294,149.335727417826,"2007","F","A",61.9,6.9,"Tympanocryptis lineata"
"AA24183","Kowen",-35.3281902759354,149.354437245524,"2008",NA,NA,NA,NA,"Tympanocryptis lineata"
"AA24283","Kowen",-35.3268771637265,149.347472128186,"2010",NA,NA,NA,NA,"Tympanocryptis lineata"
"AA24184","Tuggeranong",-35.4192722880995,149.046434264935,"2008","F","A",51.8,5.81,"Tympanocryptis lineata"
"AA24049","Tuggeranong",-35.436331349143,149.044931862382,"2006","M","A",48.6,4.1,"Tympanocryptis lineata"
"AA24297","Tuggeranong",-35.4533753467336,149.042000501312,"2012","F","A",53,5.8,"Tympanocryptis lineata"
"AA24291","Tuggeranong",-35.4351759384528,149.038169736418,"2011","M","A",53.8,6.03,"Tympanocryptis lineata"
"AA24528","Googong",-35.4500161100588,149.229164807187,"2018","M","SA",47.8,4.7,"Tympanocryptis lineata"
"AA24050","Tuggeranong",-35.4274736920108,149.029622814179,"2006","M","A",59,7.33,"Tympanocryptis lineata"
"AA24051","Tuggeranong",-35.4517191995106,149.045886776851,"2006",NA,NA,NA,NA,"Tympanocryptis lineata"
"AA24573","Googong",-35.4501540947166,149.221547417351,"2020","F","A",54.8,6.6,"Tympanocryptis lineata"
"AA24144","Kowen",-35.3460123309877,149.333775303333,"2007","F","A",54,5.7,"Tympanocryptis lineata"
"AA24145","Kowen",-35.3264843611635,149.338785534641,"2007",NA,NA,NA,NA,"Tympanocryptis lineata"
"AA24146","Tuggeranong",-35.4391962194659,149.051389255847,"2007","J",NA,NA,NA,"Tympanocryptis lineata"
"AA24238","Tuggeranong",-35.4216336388036,149.032125427127,"2009","M","A",51,6.2,"Tympanocryptis lineata"
"AA24529","Googong",-35.4402420513303,149.214514665907,"2018","M","A",51,4.82,"Tympanocryptis lineata"
"AA24239","Tuggeranong",-35.4446165681137,149.042276108521,"2009","J",NA,NA,NA,"Tympanocryptis lineata"
"AA24481","Kowen",-35.3217508901642,149.31843195431,"2016","M","A",51,5,"Tympanocryptis lineata"
"AA24530","Googong",-35.4334319556092,149.238866055954,"2018","",NA,NA,NA,"Tympanocryptis lineata"
"AA24052","Tuggeranong",-35.440869617369,149.050400482107,"2006","M?","A",48.73333333,3.81,"Tympanocryptis lineata"
"AA24053","Tuggeranong",-35.4385393978995,149.035403851329,"2006","F","SA",44,3.42,"Tympanocryptis lineata"
"AA24054","Tuggeranong",-35.4394746831207,149.047160445206,"2006","F","J",34.36666667,1.36,"Tympanocryptis lineata"
"AA24147","Tuggeranong",-35.4348014370006,149.047997663585,"2007","J",NA,NA,NA,"Tympanocryptis lineata"
"AA24240","Tuggeranong",-35.4208802959965,149.058956099856,"2009","J",NA,NA,NA,"Tympanocryptis lineata"
"AA24148","Tuggeranong",-35.4181698670517,149.04711014611,"2007","J",NA,NA,NA,"Tympanocryptis lineata"
"AA24241","Tuggeranong",-35.4457205477697,149.04876768251,"2009","J",NA,NA,NA,"Tympanocryptis lineata"
"AA24482","Kowen",-35.3269462845803,149.341091447962,"2016","F","J",34,1.51,"Tympanocryptis lineata"
"AA24483","Kowen",-35.3468991647891,149.327571752084,"2016","U",NA,NA,NA,"Tympanocryptis lineata"
"AA24581","Googong",-35.4352265402075,149.239892151855,"2021",NA,NA,NA,NA,"Tympanocryptis lineata"
"AA24582","Googong",-35.4476875677433,149.23154192344,"2021",NA,NA,NA,NA,"Tympanocryptis lineata"
"AA24484","Royalla",-35.4915527953346,149.184177497252,"2016","U",NA,NA,NA,"Tympanocryptis lineata"
"AA24485","Royalla",-35.5171784014886,149.177615925476,"2016","U",NA,NA,NA,"Tympanocryptis lineata"
"AA24486","Kowen",-35.3274173544063,149.323059919277,"2016","u",NA,NA,NA,"Tympanocryptis lineata"
"AA24583","Googong",-35.4331702251166,149.230096363583,"2021","M","A",51.6,5.4,"Tympanocryptis lineata"
"AA24584","Googong",-35.439094579774,149.217168974229,"2021","U",NA,NA,NA,"Tympanocryptis lineata"
"AA24585","Royalla",-35.4855881328317,149.188410598009,"2021","U",NA,NA,NA,"Tympanocryptis lineata"
"AA24617","Unknown",NA,NA,"unknown",NA,NA,NA,NA,"Tympanocryptis lineata"
"AA24487","Royalla",-35.49241092541,149.182968689541,"2016","U",NA,NA,NA,"Tympanocryptis lineata"
"AA24488","Royalla",-35.4813541810579,149.166030680908,"2016","U",NA,NA,NA,"Tympanocryptis lineata"
"AA24586","Googong",-35.4390382001808,149.243134231184,"2021","F","A",52,5.8,"Tympanocryptis lineata"
"AA24587","Googong",-35.4225324899017,149.218333327901,"2021","U",NA,NA,NA,"Tympanocryptis lineata"
"AA24489","Royalla",-35.5165948990089,149.181218312862,"2016","U",NA,NA,NA,"Tympanocryptis lineata"
"AA24588","Googong",-35.4520962181517,149.225524855601,"2021","M","A",53,5.4,"Tympanocryptis lineata"
"AA24589","Googong",-35.4523326915491,149.236106132422,"2021","U",NA,NA,NA,"Tympanocryptis lineata"
"AA24490","Royalla",-35.5115239437301,149.187045044347,"2016","U",NA,NA,NA,"Tympanocryptis lineata"
"AA24491","Royalla",-35.5156433330625,149.190850346136,"2016","U",NA,NA,NA,"Tympanocryptis lineata"
"AA24531","Kowen",-35.3318407768091,149.327694202403,"2018","U",NA,NA,NA,"Tympanocryptis lineata"
"AA24590","Googong",-35.4375371796353,149.233302398331,"2021","M","SA",41,2.1,"Tympanocryptis lineata"
"AA24492","Royalla",-35.4934845233815,149.184883015947,"2016","U",NA,NA,NA,"Tympanocryptis lineata"
"AA24493","Kowen",-35.3363432975404,149.337489228962,"2016","U",NA,NA,NA,"Tympanocryptis lineata"
"AA24494","Royalla",-35.5011444926306,149.189015096061,"2016","U",NA,NA,NA,"Tympanocryptis lineata"
"AA24574","Royalla",-35.517982493123,149.18458813422,"2020","M","A",49.2,4.22,"Tympanocryptis lineata"
"AA24591","Googong",-35.4439611819202,149.227694251686,"2021",NA,NA,NA,NA,"Tympanocryptis lineata"
"AA24495","Kowen",-35.3193145780752,149.333704393442,"2016","u",NA,NA,NA,"Tympanocryptis lineata"
"AA24496","Royalla",-35.4936054454005,149.199898166162,"2016","U",NA,NA,NA,"Tympanocryptis lineata"
"AA24592","Googong",-35.4552372871546,149.236444031485,"2021",NA,NA,NA,NA,"Tympanocryptis lineata"
"AA24593","Googong",-35.4259674885036,149.24525401675,"2021",NA,NA,NA,NA,"Tympanocryptis lineata"
"AA24497","Kowen",-35.3268951161805,149.34995739507,"2016","U",NA,NA,NA,"Tympanocryptis lineata"
"AA24498","Royalla",-35.4996537056954,149.192130667139,"2016","U",NA,NA,NA,"Tympanocryptis lineata"
"AA24594","Googong",-35.4428240925994,149.235662036804,"2021","M","A",50,4.4,"Tympanocryptis lineata"
"AA24595","Googong",-35.4418242074424,149.225917628663,"2021","F","A",55.9,6,"Tympanocryptis lineata"
"AA24499","Royalla",-35.5049106622022,149.187783563837,"2016","U",NA,NA,NA,"Tympanocryptis lineata"
"AA24055","Tuggeranong",-35.4487473049944,149.04273038937,"2006","U",NA,NA,NA,"Tympanocryptis lineata"
"AA24185","Tuggeranong",-35.4489967525103,149.038495738917,"2008","U",NA,NA,NA,"Tympanocryptis lineata"
"AA24242","Tuggeranong",-35.4287202164783,149.050268026458,"2009","M","SA",48,3.9,"Tympanocryptis lineata"
"AA24149","Royalla",-35.5004826790142,149.164614023604,"2007","M?","SA",48,6.33,"Tympanocryptis lineata"
"AA24056","Tuggeranong",-35.4383869532035,149.049221628651,"2006","U",NA,NA,NA,"Tympanocryptis lineata"
"AA24057","Tuggeranong",-35.429328573137,149.031132472443,"2006","U",NA,NA,NA,"Tympanocryptis lineata"
"AA24058","Tuggeranong",-35.4256705076863,149.046870877141,"2006",NA,NA,NA,NA,"Tympanocryptis lineata"
"AA24059","Tuggeranong",-35.4530279716496,149.038507984926,"2006",NA,NA,NA,NA,"Tympanocryptis lineata"
"AA24060","Tuggeranong",-35.4430886134196,149.060628731435,"2006","F?","SA",40.7,3.44,"Tympanocryptis lineata"
"AA24504","Kowen",-35.326266502868,149.335970939307,"2017","F","SA",43.7,2.79,"Tympanocryptis lineata"
"AA24532","Googong",-35.4455239481727,149.238686708923,"2018","U",NA,NA,NA,"Tympanocryptis lineata"
"AA24575","Kowen",-35.3235320819505,149.349262925973,"2020","M","A",52,6,"Tympanocryptis lineata"
"AA24061","Tuggeranong",-35.4555582378503,149.055416835747,"2006","U",NA,NA,NA,"Tympanocryptis lineata"
"AA24186","Tuggeranong",-35.4328033201343,149.041234369979,"2008","U",NA,NA,NA,"Tympanocryptis lineata"
"AA24243","Tuggeranong",-35.4441615757947,149.057039863703,"2009","U",NA,NA,NA,"Tympanocryptis lineata"
"AA24244","Royalla",-35.5145679884542,149.174589106818,"2009","U",NA,NA,NA,"Tympanocryptis lineata"
"AA24062","Tuggeranong",-35.4438514717789,149.050433214142,"2006","U",NA,NA,NA,"Tympanocryptis lineata"
"AA24063","Tuggeranong",-35.4413502191923,149.048328026107,"2006","U",NA,NA,NA,"Tympanocryptis lineata"
"AA24064","Tuggeranong",-35.4272130223172,149.045038481324,"2006",NA,NA,NA,NA,"Tympanocryptis lineata"
"AA24065","Tuggeranong",-35.4498481737369,149.048192343077,"2006",NA,NA,NA,NA,"Tympanocryptis lineata"
"AA24066","Tuggeranong",-35.4403756472989,149.044660060131,"2006",NA,NA,NA,NA,"Tympanocryptis lineata"
"AA24505","Kowen",-35.3231861818714,149.338910593666,"2017","U",NA,NA,NA,"Tympanocryptis lineata"
"AA24533","Googong",-35.4416443773474,149.229910179678,"2018","U",NA,NA,NA,"Tympanocryptis lineata"
"AA24596","Googong",-35.45186324962,149.230564414593,"2021",NA,NA,NA,NA,"Tympanocryptis lineata"
"AA24067","Tuggeranong",-35.4455682066836,149.055453615913,"2006","U",NA,NA,NA,"Tympanocryptis lineata"
"AA24245","Royalla",-35.5092583303354,149.172306497474,"2009","U",NA,NA,NA,"Tympanocryptis lineata"
"AA24246","Royalla",-35.5114172976836,149.163641088987,"2009","M","A",52.8,6.45,"Tympanocryptis lineata"
"AA24247","Royalla",-35.50660811589,149.181130175011,"2009","U",NA,NA,NA,"Tympanocryptis lineata"
"AA24068","Tuggeranong",-35.4323073703586,149.048271231185,"2006","U",NA,NA,NA,"Tympanocryptis lineata"
"AA24069","Tuggeranong",-35.4453635904467,149.049169163336,"2006","U",NA,NA,NA,"Tympanocryptis lineata"
"AA24070","Tuggeranong",-35.443641827493,149.029562127795,"2006",NA,NA,NA,NA,"Tympanocryptis lineata"
"AA24071","Tuggeranong",-35.4352591331376,149.052018175387,"2006",NA,NA,NA,NA,"Tympanocryptis lineata"
"AA24072","Tuggeranong",-35.4299486618285,149.03998918949,"2006","F?","A",51.8,7,"Tympanocryptis lineata"
"AA24534","Googong",-35.435609968264,149.21926196777,"2018","U",NA,NA,NA,"Tympanocryptis lineata"
"AA24535","Googong",-35.4474183788407,149.209753456509,"2018","U",NA,NA,NA,"Tympanocryptis lineata"
"AA24073","Tuggeranong",-35.4349044019686,149.048066523703,"2006","U",NA,NA,NA,"Tympanocryptis lineata"
"AA24074","Tuggeranong",-35.4269938744431,149.050807038796,"2006","U",NA,NA,NA,"Tympanocryptis lineata"
"AA24248","Royalla",-35.4830280177008,149.173184969538,"2009","U",NA,NA,NA,"Tympanocryptis lineata"
"AA24249","Royalla",-35.4973081606669,149.180254066154,"2009","F","A",55,5.74,"Tympanocryptis lineata"
"AA24250","Royalla",-35.5004011153883,149.168175183499,"2009","U",NA,NA,NA,"Tympanocryptis lineata"
"AA24075","Tuggeranong",-35.4501183700187,149.040044798408,"2006","U",NA,NA,NA,"Tympanocryptis lineata"
"AA24076","Tuggeranong",-35.437307254738,149.041214829836,"2006","U",NA,NA,NA,"Tympanocryptis lineata"
"AA24077","Tuggeranong",-35.441246168216,149.05099165029,"2006",NA,NA,NA,NA,"Tympanocryptis lineata"
"AA24078","Tuggeranong",-35.4347880070067,149.047771188888,"2006",NA,NA,NA,NA,"Tympanocryptis lineata"
"AA24079","Tuggeranong",-35.4351940412351,149.044974043506,"2006",NA,NA,NA,NA,"Tympanocryptis lineata"
"AA24536","Kowen",-35.3251996735346,149.351401605906,"2018","U",NA,NA,NA,"Tympanocryptis lineata"
"AA24576","Kowen",-35.3321956591406,149.338585717035,"2020","F","SA",43.53333333,2.29,"Tympanocryptis lineata"
"AA24080","Tuggeranong",-35.4320656157523,149.037941085156,"2006","U",NA,NA,NA,"Tympanocryptis lineata"
"AA24081","Tuggeranong",-35.4362652143786,149.053818543784,"2006","U",NA,NA,NA,"Tympanocryptis lineata"
"AA24251","Tuggeranong",-35.4367022313579,149.036378470976,"2009","M","A",54,5.9,"Tympanocryptis lineata"
"AA24252","Royalla",-35.5065143551058,149.178688323941,"2009","M","SA",43,3.78,"Tympanocryptis lineata"
"AA24253","Tuggeranong",-35.4548251903644,149.031978209248,"2009","U",NA,NA,NA,"Tympanocryptis lineata"
"AA24082","Tuggeranong",-35.4267192444527,149.038720764867,"2006","M?","SA",40.5,2.69,"Tympanocryptis lineata"
"AA24083","Tuggeranong",-35.4242315366051,149.050263844632,"2006","U",NA,NA,NA,"Tympanocryptis lineata"
"AA24084","Tuggeranong",-35.4301170728306,149.049982812852,"2006",NA,NA,NA,NA,"Tympanocryptis lineata"
"AA24085","Tuggeranong",-35.4349133897155,149.04850018987,"2006","F?","J",37,2.4,"Tympanocryptis lineata"
"AA24086","Tuggeranong",-35.4461648433705,149.042394570545,"2006",NA,NA,NA,NA,"Tympanocryptis lineata"
"AA24537","Googong",-35.4440151578852,149.217711570729,"2018","U",NA,NA,NA,"Tympanocryptis lineata"
"AA24577","Googong",-35.4499547206332,149.222011820603,"2020","M?","SA",48,4,"Tympanocryptis lineata"
"AA24087","Tuggeranong",-35.4390952172585,149.045621237387,"2006","U",NA,NA,NA,"Tympanocryptis lineata"
"AA24088","Tuggeranong",-35.4543384199679,149.052317909565,"2006","U",NA,NA,NA,"Tympanocryptis lineata"
"AA24254","Kowen",-35.3365607050889,149.341554025405,"2009","U",NA,NA,NA,"Tympanocryptis lineata"
"AA24255","Royalla",-35.499746683108,149.188174678738,"2009","U",NA,NA,NA,"Tympanocryptis lineata"
"AA24256","Tuggeranong",-35.4390740459394,149.037075148412,"2009","U",NA,NA,NA,"Tympanocryptis lineata"
"AA24089","Tuggeranong",-35.4339205121333,149.032905733219,"2006","U",NA,NA,NA,"Tympanocryptis lineata"
"AA24090","Tuggeranong",-35.4505200144998,149.058000586857,"2006","U",NA,NA,NA,"Tympanocryptis lineata"
"AA24091","Tuggeranong",-35.4353781851977,149.056288882824,"2006",NA,NA,NA,NA,"Tympanocryptis lineata"
"AA24092","Tuggeranong",-35.4507672262793,149.059653827926,"2006","M?","SA",44,3.44,"Tympanocryptis lineata"
"AA24093","Tuggeranong",-35.4322664672452,149.049937272689,"2006","F?","SA",40.53333333,2.66,"Tympanocryptis lineata"
"AA24538","Googong",-35.4505256355372,149.245325141217,"2018","U",NA,NA,NA,"Tympanocryptis lineata"
"AA24578","Googong",-35.439690995712,149.221496069857,"2020","",NA,NA,NA,"Tympanocryptis lineata"
"AA24094","Tuggeranong",-35.435397263088,149.040017684271,"2006","U",NA,NA,NA,"Tympanocryptis lineata"
"AA24095","Tuggeranong",-35.4372739988604,149.044753600205,"2006","U",NA,NA,NA,"Tympanocryptis lineata"
"AA24257","Tuggeranong",-35.4346448496422,149.042461058901,"2009","U",NA,NA,NA,"Tympanocryptis lineata"
"AA24258","Royalla",-35.5092639188459,149.187012624476,"2009","U",NA,NA,NA,"Tympanocryptis lineata"
"AA24096","Tuggeranong",-35.4383121691218,149.049381483639,"2006","U",NA,NA,NA,"Tympanocryptis lineata"
"AA24097","Tuggeranong",-35.4358860822192,149.063364651471,"2006","U",NA,NA,NA,"Tympanocryptis lineata"
"AA24098","Tuggeranong",-35.4489524184522,149.050400206117,"2006",NA,NA,NA,NA,"Tympanocryptis lineata"
"AA24099","Tuggeranong",-35.4656757654857,149.04298396814,"2006",NA,NA,NA,NA,"Tympanocryptis lineata"
"AA24100","Tuggeranong",-35.4430769050083,149.039077751989,"2006","F","SA",46.7,5.1,"Tympanocryptis lineata"
"AA24539","Googong",-35.426580966984,149.221585858945,"2018","U",NA,NA,NA,"Tympanocryptis lineata"
"AA24579","Googong",-35.4517377511401,149.200075277892,"2020","F","A",53.6,5.46,"Tympanocryptis lineata"
"AA24101","Tuggeranong",-35.4360946522955,149.041223644913,"2006","U",NA,NA,NA,"Tympanocryptis lineata"
"AA24102","Tuggeranong",-35.4412405093897,149.025088952656,"2006","U",NA,NA,NA,"Tympanocryptis lineata"
"AA24259","Tuggeranong",-35.4498756490279,149.044522460309,"2009","U",NA,NA,NA,"Tympanocryptis lineata"
"AA24260","Royalla",-35.4980630943471,149.180419134222,"2009","F","SA",39.03333333,2.55,"Tympanocryptis lineata"
"AA24103","Tuggeranong",-35.4665599327773,149.052672670086,"2006","U",NA,NA,NA,"Tympanocryptis lineata"
"AA24104","Tuggeranong",-35.4327822053509,149.020106761395,"2006","U",NA,NA,NA,"Tympanocryptis lineata"
"AA24105","Tuggeranong",-35.4350321140606,149.044195725325,"2006",NA,NA,NA,NA,"Tympanocryptis lineata"
"AA24106","Tuggeranong",-35.4483963391958,149.064438910105,"2006",NA,NA,NA,NA,"Tympanocryptis lineata"
"AA24506","Tuggeranong",-35.4348080606993,149.041476207991,"2017","U",NA,NA,NA,"Tympanocryptis lineata"
"AA24540","Googong",-35.4368296072575,149.239690638267,"2018","U",NA,NA,NA,"Tympanocryptis lineata"
"AA24580","Googong",-35.4425327130906,149.239037844648,"2020","",NA,NA,NA,"Tympanocryptis lineata"
"AA24150","Tuggeranong",-35.4422266271142,149.04231178793,"2007","U",NA,NA,NA,"Tympanocryptis lineata"
"AA24107","Tuggeranong",-35.432757629797,149.03559798507,"2006",NA,NA,NA,NA,"Tympanocryptis lineata"
"AA24597","Googong",-35.4411518183294,149.226531246658,"2022",NA,NA,NA,NA,"Tympanocryptis lineata"
"AA24541","Googong",-35.4493312321874,149.229217299598,"2018",NA,NA,NA,NA,"Tympanocryptis lineata"
"AA24542","Googong",-35.4381071857502,149.226239833175,"2018",NA,NA,NA,NA,"Tympanocryptis lineata"
"AA24543","Googong",-35.4308723176116,149.225760242198,"2018","",NA,NA,NA,"Tympanocryptis lineata"
"AA24598","Googong",-35.4373520248588,149.233874881021,"2022","",NA,NA,NA,"Tympanocryptis lineata"
"AA24544","Googong",-35.4516448542838,149.23201619853,"2018",NA,NA,NA,NA,"Tympanocryptis lineata"
"AA24545","Royalla",-35.5068088434191,149.176646495786,"2018","U",NA,NA,NA,"Tympanocryptis lineata"
"AA24599","Googong",-35.455548849996,149.217777178834,"2022","F?","SA",46.2,3.28,"Tympanocryptis lineata"
"AA24546","Googong",-35.4330052316467,149.226136743381,"2018",NA,NA,NA,NA,"Tympanocryptis lineata"
"AA24547","Googong",-35.4280348433822,149.210458813917,"2018",NA,NA,NA,NA,"Tympanocryptis lineata"
"AA24600","Googong",-35.4272769432976,149.204283144544,"2022","M","A",54,5,"Tympanocryptis lineata"
"AA24548","Googong",-35.4561754453515,149.23443988883,"2018",NA,NA,NA,NA,"Tympanocryptis lineata"
"AA24549","Googong",-35.4473452340695,149.23308211716,"2018",NA,NA,NA,NA,"Tympanocryptis lineata"
"AA24601","Googong",-35.4385994098081,149.244340175319,"2022","F?","SA",42.06666667,2.11,"Tympanocryptis lineata"
"AA24550","Googong",-35.4584609815415,149.246836120866,"2018",NA,NA,NA,NA,"Tympanocryptis lineata"
"AA24551","Googong",-35.459953698883,149.236998006476,"2018",NA,NA,NA,NA,"Tympanocryptis lineata"
"AA24602","Googong",-35.4348319191419,149.229974739823,"2022",NA,NA,NA,NA,"Tympanocryptis lineata"
"AA24603","Googong",-35.4400949026492,149.237897745927,"2022","M","SA",46.6,4.2,"Tympanocryptis lineata"
"AA24552","Googong",-35.4373801808923,149.240064905837,"2018",NA,NA,NA,NA,"Tympanocryptis lineata"
"AA24553","Googong",-35.4426537695931,149.242515029527,"2018",NA,NA,NA,NA,"Tympanocryptis lineata"
"AA24604","Googong",-35.4567178471276,149.219600651218,"2022","M","SA",40.9,2.5,"Tympanocryptis lineata"
"AA24605","Kowen",-35.3273826359282,149.327610076339,"2022","",NA,NA,NA,"Tympanocryptis lineata"
"AA24554","Googong",-35.4551521825136,149.241138621497,"2018",NA,NA,NA,NA,"Tympanocryptis lineata"
"AA24606","Googong",-35.4392523264251,149.2219173257,"2022","F","J",34.26666667,1.47,"Tympanocryptis lineata"
"AA24555","Googong",-35.4225409722606,149.227742583103,"2018",NA,NA,NA,NA,"Tympanocryptis lineata"
"AA24556","Googong",-35.4557904167813,149.237984619822,"2018",NA,NA,NA,NA,"Tympanocryptis lineata"
"AA24607","Googong",-35.4340724934908,149.233381366358,"2022","F?","A",50.9,4.41,"Tympanocryptis lineata"
"AA24608","Royalla",-35.5030217846014,149.194300311448,"2024","F","SA",40.76666667,2.24,"Tympanocryptis lineata"
"AA24609","Googong",-35.4604469846632,149.232002366128,"2024","F","SA",41.9,3.78,"Tympanocryptis lineata"
"AA24610","Googong",-35.4430051640572,149.222903246448,"2024","M?","SA",43.9,3.5,"Tympanocryptis lineata"
"AA24611","Royalla",-35.5239980485166,149.186479637682,"2024","U",NA,NA,NA,"Tympanocryptis lineata"
"AA24612","Royalla",-35.5119194889283,149.171437808829,"2024","U",NA,NA,NA,"Tympanocryptis lineata"
"AA24613","Googong",-35.4386819691882,149.227319901004,"2024","M?","A",51.5,4.64,"Tympanocryptis lineata"
"AA24614","Googong",-35.4391044955162,149.241281945281,"2024","U",NA,NA,NA,"Tympanocryptis lineata"
"AA24615","Googong",-35.4357087126973,149.245819785017,"2024","M?","A",55,5.5,"Tympanocryptis lineata"
